"","subj","trial","time","lang","cond","target","win"
"1",1,1,0,"English","active",0.504686542735457,0
"2",1,1,100,"English","active",0.453936864482734,0
"3",1,1,200,"English","active",0.157167362519372,0
"4",1,1,300,"English","active",0.35020807105407,0
"5",1,1,400,"English","active",0.573636281641877,0
"6",1,1,500,"English","active",0.597448575175042,0
"7",1,1,600,"English","active",0.197980956142628,1
"8",1,1,700,"English","active",0.409080995632284,1
"9",1,1,800,"English","active",0.0933318295742275,1
"10",1,1,900,"English","active",0.435880401469002,1
"11",1,1,1000,"English","active",0.775444875771783,1
"12",1,1,1100,"English","active",0.688945377006834,2
"13",1,1,1200,"English","active",0.44044161099532,2
"14",1,1,1300,"English","active",0.746861175853348,2
"15",1,1,1400,"English","active",0.685347532095956,2
"16",1,1,1500,"English","active",0.522336816623955,2
"17",1,1,1600,"English","active",0.261264035961906,3
"18",1,1,1700,"English","active",0.45121240383319,3
"19",1,1,1800,"English","active",0.73138031552352,3
"20",1,1,1900,"English","active",0.620744631209153,3
"21",1,1,2000,"English","active",0.350922340819948,3
"22",1,2,0,"English","active",-0.0463217095423826,0
"23",1,2,100,"English","active",0.331283515531221,0
"24",1,2,200,"English","active",-0.0297652979775435,0
"25",1,2,300,"English","active",0.183700494617274,0
"26",1,2,400,"English","active",0.406584611211324,0
"27",1,2,500,"English","active",0.328111142403021,0
"28",1,2,600,"English","active",0.281960293320578,1
"29",1,2,700,"English","active",0.474559748443796,1
"30",1,2,800,"English","active",0.436554867474384,1
"31",1,2,900,"English","active",0.0365648863802149,1
"32",1,2,1000,"English","active",0.480513483481159,1
"33",1,2,1100,"English","active",0.742141585131135,2
"34",1,2,1200,"English","active",0.546231489997579,2
"35",1,2,1300,"English","active",0.155014105415604,2
"36",1,2,1400,"English","active",0.141121409409908,2
"37",1,2,1500,"English","active",0.590521807151651,2
"38",1,2,1600,"English","active",0.0602283115600731,3
"39",1,2,1700,"English","active",0.418863997606916,3
"40",1,2,1800,"English","active",0.337109252863836,3
"41",1,2,1900,"English","active",0.771637849860127,3
"42",1,2,2000,"English","active",0.309363779992176,3
"43",1,3,0,"English","active",0.292834366249727,0
"44",1,3,100,"English","active",0.708618475772113,0
"45",1,3,200,"English","active",0.258087003310022,0
"46",1,3,300,"English","active",0.492796166131034,0
"47",1,3,400,"English","active",0.558131288143848,0
"48",1,3,500,"English","active",0.424697829623956,0
"49",1,3,600,"English","active",0.330596354212667,1
"50",1,3,700,"English","active",0.663806909058805,1
"51",1,3,800,"English","active",0.399840613242065,1
"52",1,3,900,"English","active",0.416360858731662,1
"53",1,3,1000,"English","active",0.841988488297991,1
"54",1,3,1100,"English","active",1.03444177591253,2
"55",1,3,1200,"English","active",0.626454816132256,2
"56",1,3,1300,"English","active",0.69658559605979,2
"57",1,3,1400,"English","active",0.274447013955341,2
"58",1,3,1500,"English","active",0.633224248082082,2
"59",1,3,1600,"English","active",0.338526436612698,3
"60",1,3,1700,"English","active",0.572746872107441,3
"61",1,3,1800,"English","active",0.190601382780695,3
"62",1,3,1900,"English","active",0.385955931220548,3
"63",1,3,2000,"English","active",0.292419336318817,3
"64",1,4,0,"English","passive",0.585028910918566,0
"65",1,4,100,"English","passive",0.766594098920542,0
"66",1,4,200,"English","passive",0.80403145951995,0
"67",1,4,300,"English","passive",0.683922664408263,0
"68",1,4,400,"English","passive",0.379697845671105,0
"69",1,4,500,"English","passive",0.640686190714529,0
"70",1,4,600,"English","passive",0.1884200720277,1
"71",1,4,700,"English","passive",0.595230553156419,1
"72",1,4,800,"English","passive",0.142393186800826,1
"73",1,4,900,"English","passive",0.23788862378035,1
"74",1,4,1000,"English","passive",0.445374112366352,1
"75",1,4,1100,"English","passive",0.127515940816116,2
"76",1,4,1200,"English","passive",0.793176570303577,2
"77",1,4,1300,"English","passive",0.17514471143989,2
"78",1,4,1400,"English","passive",0.731478455385867,2
"79",1,4,1500,"English","passive",0.554002017639449,2
"80",1,4,1600,"English","passive",0.880646586013524,3
"81",1,4,1700,"English","passive",0.64820701364652,3
"82",1,4,1800,"English","passive",0.444334622745183,3
"83",1,4,1900,"English","passive",0.678223569062114,3
"84",1,4,2000,"English","passive",0.679150208435264,3
"85",1,5,0,"English","passive",0.610060466096034,0
"86",1,5,100,"English","passive",0.539707655329526,0
"87",1,5,200,"English","passive",0.664941034582986,0
"88",1,5,300,"English","passive",1.05512991573389,0
"89",1,5,400,"English","passive",0.20401373148365,0
"90",1,5,500,"English","passive",0.481511041375627,0
"91",1,5,600,"English","passive",0.39591133127837,1
"92",1,5,700,"English","passive",0.452129414061843,1
"93",1,5,800,"English","passive",0.517386195351851,1
"94",1,5,900,"English","passive",0.78883707950263,1
"95",1,5,1000,"English","passive",0.648739336737622,1
"96",1,5,1100,"English","passive",0.145088722910753,2
"97",1,5,1200,"English","passive",0.0983306886604899,2
"98",1,5,1300,"English","passive",0.79262900093489,2
"99",1,5,1400,"English","passive",0.892728068652591,2
"100",1,5,1500,"English","passive",1.10427129247534,2
"101",1,5,1600,"English","passive",0.309548915205493,3
"102",1,5,1700,"English","passive",0.604843851472477,3
"103",1,5,1800,"English","passive",0.240014158841912,3
"104",1,5,1900,"English","passive",0.677893491498158,3
"105",1,5,2000,"English","passive",0.341696746258043,3
"106",1,6,0,"English","passive",0.640793666112537,0
"107",1,6,100,"English","passive",0.6652466714579,0
"108",1,6,200,"English","passive",0.0854872856686377,0
"109",1,6,300,"English","passive",0.75704199425448,0
"110",1,6,400,"English","passive",0.781988403503646,0
"111",1,6,500,"English","passive",0.179961349144454,0
"112",1,6,600,"English","passive",0.782217056852393,1
"113",1,6,700,"English","passive",0.383966368208755,1
"114",1,6,800,"English","passive",0.421059947617159,1
"115",1,6,900,"English","passive",0.731073286708737,1
"116",1,6,1000,"English","passive",0.519286180996445,1
"117",1,6,1100,"English","passive",0.75998090127797,2
"118",1,6,1200,"English","passive",0.685471551684545,2
"119",1,6,1300,"English","passive",0.896298677357455,2
"120",1,6,1400,"English","passive",0.933502097044486,2
"121",1,6,1500,"English","passive",0.570922300513107,2
"122",1,6,1600,"English","passive",0.550720444492459,3
"123",1,6,1700,"English","passive",0.492065064040568,3
"124",1,6,1800,"English","passive",0.201104924916356,3
"125",1,6,1900,"English","passive",0.655920309212108,3
"126",1,6,2000,"English","passive",0.271298879083273,3
"127",2,1,0,"English","active",0.562189501927024,0
"128",2,1,100,"English","active",0.234344301704905,0
"129",2,1,200,"English","active",0.409004438201061,0
"130",2,1,300,"English","active",0.198251286655431,0
"131",2,1,400,"English","active",0.857303195347442,0
"132",2,1,500,"English","active",0.658358972745708,0
"133",2,1,600,"English","active",0.000796095585893997,1
"134",2,1,700,"English","active",0.329541956725948,1
"135",2,1,800,"English","active",0.384986130172324,1
"136",2,1,900,"English","active",0.254232701463059,1
"137",2,1,1000,"English","active",0.623832928222084,1
"138",2,1,1100,"English","active",0.681454375058133,2
"139",2,1,1200,"English","active",0.66682468297323,2
"140",2,1,1300,"English","active",0.738696609116647,2
"141",2,1,1400,"English","active",0.0811669551770139,2
"142",2,1,1500,"English","active",0.198703651877023,2
"143",2,1,1600,"English","active",0.00918687769486742,3
"144",2,1,1700,"English","active",0.867688077453493,3
"145",2,1,1800,"English","active",0.59311808463765,3
"146",2,1,1900,"English","active",0.766469833509421,3
"147",2,1,2000,"English","active",0.63266246708933,3
"148",2,2,0,"English","active",0.525495861471033,0
"149",2,2,100,"English","active",0.83444561644662,0
"150",2,2,200,"English","active",0.521808692122783,0
"151",2,2,300,"English","active",0.402223948149888,0
"152",2,2,400,"English","active",0.437533128851109,0
"153",2,2,500,"English","active",0.788776186474038,0
"154",2,2,600,"English","active",0.283818190042251,1
"155",2,2,700,"English","active",0.283330414407921,1
"156",2,2,800,"English","active",-0.0802542575869644,1
"157",2,2,900,"English","active",0.652207542229464,1
"158",2,2,1000,"English","active",0.787501512050247,1
"159",2,2,1100,"English","active",0.200100582065784,2
"160",2,2,1200,"English","active",0.104999811362531,2
"161",2,2,1300,"English","active",0.663291548410547,2
"162",2,2,1400,"English","active",0.362647878719257,2
"163",2,2,1500,"English","active",0.630263631328134,2
"164",2,2,1600,"English","active",0.325149233397625,3
"165",2,2,1700,"English","active",0.390272671301949,3
"166",2,2,1800,"English","active",0.330670175970827,3
"167",2,2,1900,"English","active",0.739785298693838,3
"168",2,2,2000,"English","active",0.1329566676344,3
"169",2,3,0,"English","active",0.545940973167032,0
"170",2,3,100,"English","active",0.14121320433705,0
"171",2,3,200,"English","active",0.215650025469133,0
"172",2,3,300,"English","active",0.396338668280501,0
"173",2,3,400,"English","active",0.535983572037839,0
"174",2,3,500,"English","active",0.765506082674569,0
"175",2,3,600,"English","active",0.357301524316151,1
"176",2,3,700,"English","active",0.819295344103038,1
"177",2,3,800,"English","active",0.55707233013502,1
"178",2,3,900,"English","active",0.422796733874314,1
"179",2,3,1000,"English","active",0.739957282648895,1
"180",2,3,1100,"English","active",0.637205593703021,2
"181",2,3,1200,"English","active",0.606378273442995,2
"182",2,3,1300,"English","active",0.660875008782042,2
"183",2,3,1400,"English","active",0.159923464124121,2
"184",2,3,1500,"English","active",0.450373473399201,2
"185",2,3,1600,"English","active",0.654825669218844,3
"186",2,3,1700,"English","active",1.01705240125921,3
"187",2,3,1800,"English","active",0.423678811450688,3
"188",2,3,1900,"English","active",0.570311403057465,3
"189",2,3,2000,"English","active",0.672829334176475,3
"190",2,4,0,"English","passive",0.51159035953583,0
"191",2,4,100,"English","passive",0.52825734040649,0
"192",2,4,200,"English","passive",0.748832968572283,0
"193",2,4,300,"English","passive",0.329712159669588,0
"194",2,4,400,"English","passive",0.180735688328078,0
"195",2,4,500,"English","passive",0.132825562542229,0
"196",2,4,600,"English","passive",0.421631483366033,1
"197",2,4,700,"English","passive",0.0740851268341715,1
"198",2,4,800,"English","passive",0.162371335965573,1
"199",2,4,900,"English","passive",0.224476580697709,1
"200",2,4,1000,"English","passive",0.225114246367663,1
"201",2,4,1100,"English","passive",0.803878444048913,2
"202",2,4,1200,"English","passive",0.582719121276035,2
"203",2,4,1300,"English","passive",1.30018497559843,2
"204",2,4,1400,"English","passive",0.883776431709475,2
"205",2,4,1500,"English","passive",0.339112674423489,2
"206",2,4,1600,"English","passive",0.623955397861634,3
"207",2,4,1700,"English","passive",0.763156889054078,3
"208",2,4,1800,"English","passive",0.181337512462179,3
"209",2,4,1900,"English","passive",0.451583317894155,3
"210",2,4,2000,"English","passive",0.176229089361658,3
"211",2,5,0,"English","passive",0.535470071169662,0
"212",2,5,100,"English","passive",0.815428762996655,0
"213",2,5,200,"English","passive",0.392124917982589,0
"214",2,5,300,"English","passive",0.0443218526245455,0
"215",2,5,400,"English","passive",0.588135989688277,0
"216",2,5,500,"English","passive",0.162887139631555,0
"217",2,5,600,"English","passive",0.676922079476857,1
"218",2,5,700,"English","passive",0.397277265800305,1
"219",2,5,800,"English","passive",0.388488705019439,1
"220",2,5,900,"English","passive",0.239710924582814,1
"221",2,5,1000,"English","passive",0.417693820961497,1
"222",2,5,1100,"English","passive",0.429294593966912,2
"223",2,5,1200,"English","passive",0.608107281373838,2
"224",2,5,1300,"English","passive",0.517723865821898,2
"225",2,5,1400,"English","passive",0.52495821726359,2
"226",2,5,1500,"English","passive",0.906145254033397,2
"227",2,5,1600,"English","passive",0.524327904916296,3
"228",2,5,1700,"English","passive",0.907722934147041,3
"229",2,5,1800,"English","passive",0.640152674750551,3
"230",2,5,1900,"English","passive",0.83239119111304,3
"231",2,5,2000,"English","passive",0.430294126091385,3
"232",2,6,0,"English","passive",0.183317113964771,0
"233",2,6,100,"English","passive",0.437712901489934,0
"234",2,6,200,"English","passive",0.5044971036422,0
"235",2,6,300,"English","passive",0.594268181777582,0
"236",2,6,400,"English","passive",0.69900213938186,0
"237",2,6,500,"English","passive",0.289830645725358,0
"238",2,6,600,"English","passive",-0.0513679377065529,1
"239",2,6,700,"English","passive",0.217986002234378,1
"240",2,6,800,"English","passive",0.164672510299388,1
"241",2,6,900,"English","passive",0.901278510720242,1
"242",2,6,1000,"English","passive",0.686105932122136,1
"243",2,6,1100,"English","passive",0.715520551488346,2
"244",2,6,1200,"English","passive",0.598788953869051,2
"245",2,6,1300,"English","passive",0.784556610834305,2
"246",2,6,1400,"English","passive",0.702955665141912,2
"247",2,6,1500,"English","passive",0.87321491945579,2
"248",2,6,1600,"English","passive",0.410530021416593,3
"249",2,6,1700,"English","passive",0.410086193913247,3
"250",2,6,1800,"English","passive",0.75714268022107,3
"251",2,6,1900,"English","passive",0.769473148112745,3
"252",2,6,2000,"English","passive",0.732945303808126,3
"253",3,1,0,"English","active",0.1348015332556,0
"254",3,1,100,"English","active",0.273481105937664,0
"255",3,1,200,"English","active",0.329913042151896,0
"256",3,1,300,"English","active",0.76579150919726,0
"257",3,1,400,"English","active",0.326896711968461,0
"258",3,1,500,"English","active",0.216592933677276,0
"259",3,1,600,"English","active",0.226346141550696,1
"260",3,1,700,"English","active",0.246774095290817,1
"261",3,1,800,"English","active",0.602569331471472,1
"262",3,1,900,"English","active",0.619435110481698,1
"263",3,1,1000,"English","active",-0.0824698862666338,1
"264",3,1,1100,"English","active",0.504063866294186,2
"265",3,1,1200,"English","active",0.745088380786621,2
"266",3,1,1300,"English","active",0.701587066204339,2
"267",3,1,1400,"English","active",0.529900222222824,2
"268",3,1,1500,"English","active",-0.109153901079394,2
"269",3,1,1600,"English","active",0.507755619030597,3
"270",3,1,1700,"English","active",0.416063325500041,3
"271",3,1,1800,"English","active",0.434055959519061,3
"272",3,1,1900,"English","active",0.41103688477995,3
"273",3,1,2000,"English","active",0.379711300427455,3
"274",3,2,0,"English","active",0.555683866954468,0
"275",3,2,100,"English","active",1.10747757967435,0
"276",3,2,200,"English","active",0.874074529683553,0
"277",3,2,300,"English","active",0.320697949310228,0
"278",3,2,400,"English","active",0.383236524953093,0
"279",3,2,500,"English","active",0.665730863214851,0
"280",3,2,600,"English","active",1.07504422273665,1
"281",3,2,700,"English","active",0.581877535304147,1
"282",3,2,800,"English","active",0.515965870404228,1
"283",3,2,900,"English","active",0.215109765008083,1
"284",3,2,1000,"English","active",0.795102550905088,1
"285",3,2,1100,"English","active",0.510347119258287,2
"286",3,2,1200,"English","active",0.196601609153824,2
"287",3,2,1300,"English","active",0.518298944156953,2
"288",3,2,1400,"English","active",0.435668851413615,2
"289",3,2,1500,"English","active",0.566701602735533,2
"290",3,2,1600,"English","active",0.846931081429105,3
"291",3,2,1700,"English","active",0.548269908755984,3
"292",3,2,1800,"English","active",0.648079155650107,3
"293",3,2,1900,"English","active",0.292506368271055,3
"294",3,2,2000,"English","active",0.598143320410622,3
"295",3,3,0,"English","active",0.596216902670201,0
"296",3,3,100,"English","active",0.762761166431412,0
"297",3,3,200,"English","active",0.788949371145938,0
"298",3,3,300,"English","active",0.241390510264491,0
"299",3,3,400,"English","active",0.436382983548932,0
"300",3,3,500,"English","active",0.818421066521192,0
"301",3,3,600,"English","active",0.875636159745348,1
"302",3,3,700,"English","active",0.64760236678666,1
"303",3,3,800,"English","active",0.342328637154138,1
"304",3,3,900,"English","active",0.698087384323568,1
"305",3,3,1000,"English","active",0.53134614253077,1
"306",3,3,1100,"English","active",0.580688742812008,2
"307",3,3,1200,"English","active",0.388604197636852,2
"308",3,3,1300,"English","active",0.691710983615344,2
"309",3,3,1400,"English","active",0.149124244543071,2
"310",3,3,1500,"English","active",0.205988305097147,2
"311",3,3,1600,"English","active",0.6278991172962,3
"312",3,3,1700,"English","active",0.829191315944574,3
"313",3,3,1800,"English","active",1.09822823677389,3
"314",3,3,1900,"English","active",0.4830576478769,3
"315",3,3,2000,"English","active",0.449053733386819,3
"316",3,4,0,"English","passive",0.999108613042423,0
"317",3,4,100,"English","passive",0.885804448585252,0
"318",3,4,200,"English","passive",0.192915593434545,0
"319",3,4,300,"English","passive",1.1611219980562,0
"320",3,4,400,"English","passive",0.689253427068592,0
"321",3,4,500,"English","passive",0.763836298038233,0
"322",3,4,600,"English","passive",0.739486223826453,1
"323",3,4,700,"English","passive",0.708469764410663,1
"324",3,4,800,"English","passive",0.457681107495341,1
"325",3,4,900,"English","passive",0.398891589230391,1
"326",3,4,1000,"English","passive",0.573900393425728,1
"327",3,4,1100,"English","passive",0.442031373191284,2
"328",3,4,1200,"English","passive",0.387980442093402,2
"329",3,4,1300,"English","passive",0.663841498703529,2
"330",3,4,1400,"English","passive",0.771291448647883,2
"331",3,4,1500,"English","passive",0.771352667916291,2
"332",3,4,1600,"English","passive",0.658904963792394,3
"333",3,4,1700,"English","passive",-0.000185598269125009,3
"334",3,4,1800,"English","passive",0.32733612405926,3
"335",3,4,1900,"English","passive",0.467338702673371,3
"336",3,4,2000,"English","passive",0.413937054244089,3
"337",3,5,0,"English","passive",0.486896794008718,0
"338",3,5,100,"English","passive",0.524030980137281,0
"339",3,5,200,"English","passive",0.566601763308032,0
"340",3,5,300,"English","passive",0.638698368819686,0
"341",3,5,400,"English","passive",0.808861469637128,0
"342",3,5,500,"English","passive",0.571283345326723,0
"343",3,5,600,"English","passive",0.385301768056781,1
"344",3,5,700,"English","passive",0.655869505465592,1
"345",3,5,800,"English","passive",0.319001227089905,1
"346",3,5,900,"English","passive",0.904854675871429,1
"347",3,5,1000,"English","passive",0.345831647445764,1
"348",3,5,1100,"English","passive",0.596135264361721,2
"349",3,5,1200,"English","passive",1.02863032820011,2
"350",3,5,1300,"English","passive",0.519315976888423,2
"351",3,5,1400,"English","passive",0.384771671119697,2
"352",3,5,1500,"English","passive",1.07086297585124,2
"353",3,5,1600,"English","passive",0.098728639680039,3
"354",3,5,1700,"English","passive",0.780568345733294,3
"355",3,5,1800,"English","passive",1.03960966044226,3
"356",3,5,1900,"English","passive",0.607061653255659,3
"357",3,5,2000,"English","passive",0.800294672614925,3
"358",3,6,0,"English","passive",0.757922529037959,0
"359",3,6,100,"English","passive",0.663468563177565,0
"360",3,6,200,"English","passive",1.00302044329489,0
"361",3,6,300,"English","passive",0.773657460458392,0
"362",3,6,400,"English","passive",0.681602338520498,0
"363",3,6,500,"English","passive",0.150085715854202,0
"364",3,6,600,"English","passive",0.178051209177301,1
"365",3,6,700,"English","passive",0.257896130618511,1
"366",3,6,800,"English","passive",0.065828560570399,1
"367",3,6,900,"English","passive",0.707924339518386,1
"368",3,6,1000,"English","passive",0.310261722858735,1
"369",3,6,1100,"English","passive",1.03876925026674,2
"370",3,6,1200,"English","passive",0.394185279941246,2
"371",3,6,1300,"English","passive",0.703347047974143,2
"372",3,6,1400,"English","passive",0.800182153738939,2
"373",3,6,1500,"English","passive",0.502033430924534,2
"374",3,6,1600,"English","passive",0.392714041193675,3
"375",3,6,1700,"English","passive",0.561174281699326,3
"376",3,6,1800,"English","passive",1.05494406218379,3
"377",3,6,1900,"English","passive",0.578567451978519,3
"378",3,6,2000,"English","passive",0.35905373137092,3
"379",4,1,0,"English","active",0.128575960420291,0
"380",4,1,100,"English","active",0.603824648273453,0
"381",4,1,200,"English","active",0.367984079330353,0
"382",4,1,300,"English","active",0.412382345637257,0
"383",4,1,400,"English","active",0.682655484324056,0
"384",4,1,500,"English","active",0.360843958730046,0
"385",4,1,600,"English","active",0.137559865958503,1
"386",4,1,700,"English","active",0.23700089297188,1
"387",4,1,800,"English","active",0.329290345303737,1
"388",4,1,900,"English","active",0.346764705356019,1
"389",4,1,1000,"English","active",0.972695008763634,1
"390",4,1,1100,"English","active",0.46364736660145,2
"391",4,1,1200,"English","active",0.340144069852849,2
"392",4,1,1300,"English","active",0.397205988694578,2
"393",4,1,1400,"English","active",0.585697969608017,2
"394",4,1,1500,"English","active",0.216688311342893,2
"395",4,1,1600,"English","active",0.516517575629795,3
"396",4,1,1700,"English","active",0.50949994149099,3
"397",4,1,1800,"English","active",0.730266186886112,3
"398",4,1,1900,"English","active",1.03374140961462,3
"399",4,1,2000,"English","active",0.350043267110952,3
"400",4,2,0,"English","active",0.811111614659116,0
"401",4,2,100,"English","active",0.480135745719887,0
"402",4,2,200,"English","active",0.795437887453904,0
"403",4,2,300,"English","active",1.04653601566902,0
"404",4,2,400,"English","active",0.60154373267634,0
"405",4,2,500,"English","active",0.315410223853784,0
"406",4,2,600,"English","active",0.0108783242702721,1
"407",4,2,700,"English","active",0.0124885746003621,1
"408",4,2,800,"English","active",0.26475054607685,1
"409",4,2,900,"English","active",0.799446692156733,1
"410",4,2,1000,"English","active",0.343940152410428,1
"411",4,2,1100,"English","active",0.466782586224477,2
"412",4,2,1200,"English","active",0.495694769452173,2
"413",4,2,1300,"English","active",0.385092679455235,2
"414",4,2,1400,"English","active",0.868234197631719,2
"415",4,2,1500,"English","active",1.04232990315398,2
"416",4,2,1600,"English","active",-0.250357826578582,3
"417",4,2,1700,"English","active",0.0570036042370742,3
"418",4,2,1800,"English","active",0.408790194291054,3
"419",4,2,1900,"English","active",0.593633445172274,3
"420",4,2,2000,"English","active",0.191480518332225,3
"421",4,3,0,"English","active",0.618723355489772,0
"422",4,3,100,"English","active",0.808264364264162,0
"423",4,3,200,"English","active",0.351717835800378,0
"424",4,3,300,"English","active",0.68806560983188,0
"425",4,3,400,"English","active",0.653011376721695,0
"426",4,3,500,"English","active",0.442835658681404,0
"427",4,3,600,"English","active",0.323790162525154,1
"428",4,3,700,"English","active",0.807379011801599,1
"429",4,3,800,"English","active",0.879628782466797,1
"430",4,3,900,"English","active",0.836273545099851,1
"431",4,3,1000,"English","active",0.469077117767392,1
"432",4,3,1100,"English","active",0.733475613387505,2
"433",4,3,1200,"English","active",0.504874211405055,2
"434",4,3,1300,"English","active",0.707713027435743,2
"435",4,3,1400,"English","active",0.423876333000983,2
"436",4,3,1500,"English","active",0.485179680724103,2
"437",4,3,1600,"English","active",0.751849174344705,3
"438",4,3,1700,"English","active",0.155551228494269,3
"439",4,3,1800,"English","active",0.248949318257675,3
"440",4,3,1900,"English","active",0.494179923771239,3
"441",4,3,2000,"English","active",0.886686818447079,3
"442",4,4,0,"English","passive",0.310159187244669,0
"443",4,4,100,"English","passive",0.751698164363851,0
"444",4,4,200,"English","passive",0.568553729087072,0
"445",4,4,300,"English","passive",0.479904408859979,0
"446",4,4,400,"English","passive",0.274111876168296,0
"447",4,4,500,"English","passive",0.61828627574299,0
"448",4,4,600,"English","passive",0.847122244476488,1
"449",4,4,700,"English","passive",0.508686523441043,1
"450",4,4,800,"English","passive",0.176853742980187,1
"451",4,4,900,"English","passive",0.790991876226953,1
"452",4,4,1000,"English","passive",0.119153850732902,1
"453",4,4,1100,"English","passive",-0.129583763403058,2
"454",4,4,1200,"English","passive",0.323117692358407,2
"455",4,4,1300,"English","passive",0.459126358369593,2
"456",4,4,1400,"English","passive",0.78709191351025,2
"457",4,4,1500,"English","passive",0.666617155346575,2
"458",4,4,1600,"English","passive",0.490172278997524,3
"459",4,4,1700,"English","passive",0.721741496930948,3
"460",4,4,1800,"English","passive",0.410012899796027,3
"461",4,4,1900,"English","passive",0.317761432342152,3
"462",4,4,2000,"English","passive",0.937936404817972,3
"463",4,5,0,"English","passive",0.478490352441973,0
"464",4,5,100,"English","passive",0.776590753969034,0
"465",4,5,200,"English","passive",0.495205540690108,0
"466",4,5,300,"English","passive",0.126634955385243,0
"467",4,5,400,"English","passive",1.17515915576733,0
"468",4,5,500,"English","passive",0.31407639443914,0
"469",4,5,600,"English","passive",0.76629874523421,1
"470",4,5,700,"English","passive",0.491979567083761,1
"471",4,5,800,"English","passive",0.365010077665201,1
"472",4,5,900,"English","passive",0.0185891081115293,1
"473",4,5,1000,"English","passive",0.751957844039773,1
"474",4,5,1100,"English","passive",0.43019130080831,2
"475",4,5,1200,"English","passive",0.187608536178849,2
"476",4,5,1300,"English","passive",0.992847304294467,2
"477",4,5,1400,"English","passive",0.747720520201229,2
"478",4,5,1500,"English","passive",0.945093840952987,2
"479",4,5,1600,"English","passive",-0.0395674200065642,3
"480",4,5,1700,"English","passive",0.822402633083214,3
"481",4,5,1800,"English","passive",0.392972508611543,3
"482",4,5,1900,"English","passive",0.436249276756763,3
"483",4,5,2000,"English","passive",0.831789559700932,3
"484",4,6,0,"English","passive",0.709672530152504,0
"485",4,6,100,"English","passive",0.133749830706702,0
"486",4,6,200,"English","passive",0.345936825531824,0
"487",4,6,300,"English","passive",0.526526459851606,0
"488",4,6,400,"English","passive",0.0389958105682114,0
"489",4,6,500,"English","passive",0.0958942865710765,0
"490",4,6,600,"English","passive",0.556919176034075,1
"491",4,6,700,"English","passive",0.730304175484707,1
"492",4,6,800,"English","passive",0.417199140125249,1
"493",4,6,900,"English","passive",0.821808507747231,1
"494",4,6,1000,"English","passive",0.514315200612752,1
"495",4,6,1100,"English","passive",-0.0509832812917307,2
"496",4,6,1200,"English","passive",0.369272412933609,2
"497",4,6,1300,"English","passive",0.795135140682269,2
"498",4,6,1400,"English","passive",0.751969314597682,2
"499",4,6,1500,"English","passive",0.288788685048249,2
"500",4,6,1600,"English","passive",0.282925123156004,3
"501",4,6,1700,"English","passive",0.717368761226924,3
"502",4,6,1800,"English","passive",0.32999760054655,3
"503",4,6,1900,"English","passive",0.543303634677129,3
"504",4,6,2000,"English","passive",0.460140490231128,3
"505",5,1,0,"English","active",0.69837485816082,0
"506",5,1,100,"English","active",0.923587622856902,0
"507",5,1,200,"English","active",0.809992171587508,0
"508",5,1,300,"English","active",0.507359185786943,0
"509",5,1,400,"English","active",0.914303624761979,0
"510",5,1,500,"English","active",0.782805785046717,0
"511",5,1,600,"English","active",0.14939734196854,1
"512",5,1,700,"English","active",0.539192615278232,1
"513",5,1,800,"English","active",0.716877149107844,1
"514",5,1,900,"English","active",0.491691210724564,1
"515",5,1,1000,"English","active",0.738516139081503,1
"516",5,1,1100,"English","active",0.782524181292535,2
"517",5,1,1200,"English","active",0.598424328020746,2
"518",5,1,1300,"English","active",0.594202081991775,2
"519",5,1,1400,"English","active",0.437064273237839,2
"520",5,1,1500,"English","active",0.626023722706696,2
"521",5,1,1600,"English","active",0.167549132162925,3
"522",5,1,1700,"English","active",0.470425136871308,3
"523",5,1,1800,"English","active",0.341687883347788,3
"524",5,1,1900,"English","active",0.669422836179236,3
"525",5,1,2000,"English","active",0.425529558806425,3
"526",5,2,0,"English","active",0.656980561781825,0
"527",5,2,100,"English","active",0.919607681997881,0
"528",5,2,200,"English","active",-0.100000635157323,0
"529",5,2,300,"English","active",0.162539278732149,0
"530",5,2,400,"English","active",0.800501973946687,0
"531",5,2,500,"English","active",0.823460679843416,0
"532",5,2,600,"English","active",0.485101413454388,1
"533",5,2,700,"English","active",0.328734413706919,1
"534",5,2,800,"English","active",0.13664017390211,1
"535",5,2,900,"English","active",0.823531640301318,1
"536",5,2,1000,"English","active",0.794042272338,1
"537",5,2,1100,"English","active",0.716011269543997,2
"538",5,2,1200,"English","active",-0.0741831308651689,2
"539",5,2,1300,"English","active",0.152047497016938,2
"540",5,2,1400,"English","active",0.153530813744608,2
"541",5,2,1500,"English","active",0.231738289021136,2
"542",5,2,1600,"English","active",0.264643624200914,3
"543",5,2,1700,"English","active",0.353391422569454,3
"544",5,2,1800,"English","active",0.758680305013696,3
"545",5,2,1900,"English","active",0.614740551673695,3
"546",5,2,2000,"English","active",0.201638732000499,3
"547",5,3,0,"English","active",0.697972317917901,0
"548",5,3,100,"English","active",0.0569237723001209,0
"549",5,3,200,"English","active",0.353069394500227,0
"550",5,3,300,"English","active",0.179407421861473,0
"551",5,3,400,"English","active",0.421966334754981,0
"552",5,3,500,"English","active",0.32530617484382,0
"553",5,3,600,"English","active",-0.160962441927252,1
"554",5,3,700,"English","active",0.7062555941998,1
"555",5,3,800,"English","active",0.576731578302603,1
"556",5,3,900,"English","active",0.485490135457269,1
"557",5,3,1000,"English","active",0.731642352708602,1
"558",5,3,1100,"English","active",0.44532703485655,2
"559",5,3,1200,"English","active",0.748283374355011,2
"560",5,3,1300,"English","active",0.019166414379907,2
"561",5,3,1400,"English","active",0.236821203881833,2
"562",5,3,1500,"English","active",0.722599440481499,2
"563",5,3,1600,"English","active",1.38528506940644,3
"564",5,3,1700,"English","active",0.685377685671969,3
"565",5,3,1800,"English","active",0.448132186475195,3
"566",5,3,1900,"English","active",0.544984613547927,3
"567",5,3,2000,"English","active",0.856591212352368,3
"568",5,4,0,"English","passive",0.389208302629346,0
"569",5,4,100,"English","passive",0.591797496662954,0
"570",5,4,200,"English","passive",0.673955424027665,0
"571",5,4,300,"English","passive",0.733361182152946,0
"572",5,4,400,"English","passive",0.872972270639953,0
"573",5,4,500,"English","passive",0.789880747558326,0
"574",5,4,600,"English","passive",0.556698989227281,1
"575",5,4,700,"English","passive",0.176133703814954,1
"576",5,4,800,"English","passive",0.484305327077021,1
"577",5,4,900,"English","passive",0.748320734218427,1
"578",5,4,1000,"English","passive",0.248517265011323,1
"579",5,4,1100,"English","passive",0.312253763100475,2
"580",5,4,1200,"English","passive",0.93600409558792,2
"581",5,4,1300,"English","passive",0.349195941901144,2
"582",5,4,1400,"English","passive",0.535069506950119,2
"583",5,4,1500,"English","passive",0.42763146220798,2
"584",5,4,1600,"English","passive",0.429881491186659,3
"585",5,4,1700,"English","passive",0.353668259028646,3
"586",5,4,1800,"English","passive",0.665079799390835,3
"587",5,4,1900,"English","passive",0.340621862753858,3
"588",5,4,2000,"English","passive",0.36524459169718,3
"589",5,5,0,"English","passive",0.737880058388576,0
"590",5,5,100,"English","passive",0.47360503853818,0
"591",5,5,200,"English","passive",0.406482681807704,0
"592",5,5,300,"English","passive",0.455941854794022,0
"593",5,5,400,"English","passive",0.569120826980232,0
"594",5,5,500,"English","passive",0.559083148165302,0
"595",5,5,600,"English","passive",1.01541853985934,1
"596",5,5,700,"English","passive",0.177485003541183,1
"597",5,5,800,"English","passive",0.642797361868523,1
"598",5,5,900,"English","passive",0.946347556677196,1
"599",5,5,1000,"English","passive",0.553235060773027,1
"600",5,5,1100,"English","passive",0.721173036512669,2
"601",5,5,1200,"English","passive",0.274507433897308,2
"602",5,5,1300,"English","passive",0.656455491012175,2
"603",5,5,1400,"English","passive",0.248397872292318,2
"604",5,5,1500,"English","passive",0.709677602460146,2
"605",5,5,1600,"English","passive",0.848929779827464,3
"606",5,5,1700,"English","passive",0.197194045800998,3
"607",5,5,1800,"English","passive",0.448964584800644,3
"608",5,5,1900,"English","passive",0.111887168480154,3
"609",5,5,2000,"English","passive",0.629512417153732,3
"610",5,6,0,"English","passive",0.395289924190405,0
"611",5,6,100,"English","passive",0.0726366960801978,0
"612",5,6,200,"English","passive",1.12079066784281,0
"613",5,6,300,"English","passive",0.624508433766602,0
"614",5,6,400,"English","passive",0.331532948700416,0
"615",5,6,500,"English","passive",0.278254651097165,0
"616",5,6,600,"English","passive",0.0671556622847514,1
"617",5,6,700,"English","passive",0.65113728034107,1
"618",5,6,800,"English","passive",0.282181230442741,1
"619",5,6,900,"English","passive",0.681335411593181,1
"620",5,6,1000,"English","passive",0.492317004968022,1
"621",5,6,1100,"English","passive",0.470694406421463,2
"622",5,6,1200,"English","passive",0.524555734646108,2
"623",5,6,1300,"English","passive",0.658931669129117,2
"624",5,6,1400,"English","passive",0.840673217885506,2
"625",5,6,1500,"English","passive",0.414805046746939,2
"626",5,6,1600,"English","passive",1.09978871631174,3
"627",5,6,1700,"English","passive",0.47753197460049,3
"628",5,6,1800,"English","passive",0.294587895553598,3
"629",5,6,1900,"English","passive",0.428259559600719,3
"630",5,6,2000,"English","passive",0.532819718492691,3
"631",6,1,0,"English","active",0.234479012390478,0
"632",6,1,100,"English","active",0.683395258932275,0
"633",6,1,200,"English","active",0.580673049619713,0
"634",6,1,300,"English","active",0.412755057162823,0
"635",6,1,400,"English","active",0.82088141606168,0
"636",6,1,500,"English","active",0.246377987779558,0
"637",6,1,600,"English","active",0.372483931473234,1
"638",6,1,700,"English","active",0.458207563461164,1
"639",6,1,800,"English","active",0.424333053598461,1
"640",6,1,900,"English","active",1.00661761811505,1
"641",6,1,1000,"English","active",0.725226409602511,1
"642",6,1,1100,"English","active",0.53385726011396,2
"643",6,1,1200,"English","active",0.449677761450156,2
"644",6,1,1300,"English","active",0.298290814751714,2
"645",6,1,1400,"English","active",0.661031030939802,2
"646",6,1,1500,"English","active",0.415835219836598,2
"647",6,1,1600,"English","active",0.0670741221887585,3
"648",6,1,1700,"English","active",0.565480165652241,3
"649",6,1,1800,"English","active",0.270825600472671,3
"650",6,1,1900,"English","active",0.357858881212721,3
"651",6,1,2000,"English","active",0.283544889561607,3
"652",6,2,0,"English","active",0.706373477949513,0
"653",6,2,100,"English","active",0.299966928948168,0
"654",6,2,200,"English","active",0.743957521696095,0
"655",6,2,300,"English","active",1.17501888268547,0
"656",6,2,400,"English","active",0.466152600778575,0
"657",6,2,500,"English","active",0.473492209010133,0
"658",6,2,600,"English","active",0.163984048713659,1
"659",6,2,700,"English","active",0.610780457153199,1
"660",6,2,800,"English","active",0.740279435415849,1
"661",6,2,900,"English","active",0.439641045836078,1
"662",6,2,1000,"English","active",0.520738722777072,1
"663",6,2,1100,"English","active",0.409568810557939,2
"664",6,2,1200,"English","active",0.583465049950307,2
"665",6,2,1300,"English","active",0.56640235524263,2
"666",6,2,1400,"English","active",1.25322643665069,2
"667",6,2,1500,"English","active",0.413817465578143,2
"668",6,2,1600,"English","active",0.765639363321265,3
"669",6,2,1700,"English","active",0.317578731489876,3
"670",6,2,1800,"English","active",0.514136930244102,3
"671",6,2,1900,"English","active",0.616957427980013,3
"672",6,2,2000,"English","active",0.406838687362171,3
"673",6,3,0,"English","active",0.552540421923327,0
"674",6,3,100,"English","active",0.822402076419059,0
"675",6,3,200,"English","active",0.0932901125332299,0
"676",6,3,300,"English","active",0.304115872579156,0
"677",6,3,400,"English","active",0.627728275864237,0
"678",6,3,500,"English","active",0.804406513983222,0
"679",6,3,600,"English","active",0.576277311922085,1
"680",6,3,700,"English","active",0.552573408331234,1
"681",6,3,800,"English","active",0.61721649137647,1
"682",6,3,900,"English","active",0.0239143569343919,1
"683",6,3,1000,"English","active",0.809600571162146,1
"684",6,3,1100,"English","active",0.597749722864412,2
"685",6,3,1200,"English","active",0.492200270813285,2
"686",6,3,1300,"English","active",0.095299869558554,2
"687",6,3,1400,"English","active",0.612816569533204,2
"688",6,3,1500,"English","active",0.327289159094236,2
"689",6,3,1600,"English","active",0.851361405484978,3
"690",6,3,1700,"English","active",0.074664328043739,3
"691",6,3,1800,"English","active",0.548061399319286,3
"692",6,3,1900,"English","active",0.324260809625692,3
"693",6,3,2000,"English","active",0.2978610341628,3
"694",6,4,0,"English","passive",0.340450314618652,0
"695",6,4,100,"English","passive",0.934336356990296,0
"696",6,4,200,"English","passive",-0.0651195657855457,0
"697",6,4,300,"English","passive",0.096881976528386,0
"698",6,4,400,"English","passive",0.663435049700202,0
"699",6,4,500,"English","passive",0.725720182148253,0
"700",6,4,600,"English","passive",0.688652121958628,1
"701",6,4,700,"English","passive",0.443297307807482,1
"702",6,4,800,"English","passive",0.326007843102093,1
"703",6,4,900,"English","passive",0.626661839333451,1
"704",6,4,1000,"English","passive",0.654058573401903,1
"705",6,4,1100,"English","passive",0.0832801813711612,2
"706",6,4,1200,"English","passive",0.415936443564337,2
"707",6,4,1300,"English","passive",0.927910770445842,2
"708",6,4,1400,"English","passive",0.176023031379488,2
"709",6,4,1500,"English","passive",0.533149085211204,2
"710",6,4,1600,"English","passive",0.400350742955959,3
"711",6,4,1700,"English","passive",0.202845043129777,3
"712",6,4,1800,"English","passive",0.613141351034771,3
"713",6,4,1900,"English","passive",0.551897425982356,3
"714",6,4,2000,"English","passive",0.197469405970397,3
"715",6,5,0,"English","passive",0.69185376357016,0
"716",6,5,100,"English","passive",0.350243077185759,0
"717",6,5,200,"English","passive",0.109756806798587,0
"718",6,5,300,"English","passive",0.251083989267765,0
"719",6,5,400,"English","passive",0.773312752096106,0
"720",6,5,500,"English","passive",0.729285721501843,0
"721",6,5,600,"English","passive",0.306737661216912,1
"722",6,5,700,"English","passive",0.38104104558855,1
"723",6,5,800,"English","passive",0.217324203995038,1
"724",6,5,900,"English","passive",0.392791142083303,1
"725",6,5,1000,"English","passive",0.290104087534084,1
"726",6,5,1100,"English","passive",0.349753331774016,2
"727",6,5,1200,"English","passive",0.306527305452307,2
"728",6,5,1300,"English","passive",0.591054555837394,2
"729",6,5,1400,"English","passive",0.683605186657895,2
"730",6,5,1500,"English","passive",0.509262161410453,2
"731",6,5,1600,"English","passive",-0.253040945889672,3
"732",6,5,1700,"English","passive",-0.00213076444043281,3
"733",6,5,1800,"English","passive",0.488407147638753,3
"734",6,5,1900,"English","passive",0.410115733874897,3
"735",6,5,2000,"English","passive",0.451244584563088,3
"736",6,6,0,"English","passive",0.121382466134781,0
"737",6,6,100,"English","passive",0.276991738219844,0
"738",6,6,200,"English","passive",0.284323377146483,0
"739",6,6,300,"English","passive",0.637988536988655,0
"740",6,6,400,"English","passive",0.452941521670645,0
"741",6,6,500,"English","passive",0.418713314092613,0
"742",6,6,600,"English","passive",0.365765387715099,1
"743",6,6,700,"English","passive",0.407130646812662,1
"744",6,6,800,"English","passive",0.680701755914759,1
"745",6,6,900,"English","passive",0.801422970848289,1
"746",6,6,1000,"English","passive",0.796038281415665,1
"747",6,6,1100,"English","passive",0.667797608851861,2
"748",6,6,1200,"English","passive",0.793875518354621,2
"749",6,6,1300,"English","passive",0.859282605631739,2
"750",6,6,1400,"English","passive",0.680453220489725,2
"751",6,6,1500,"English","passive",0.345794826466234,2
"752",6,6,1600,"English","passive",0.605184311544116,3
"753",6,6,1700,"English","passive",0.793369062444776,3
"754",6,6,1800,"English","passive",0.138442110751189,3
"755",6,6,1900,"English","passive",0.408312198512923,3
"756",6,6,2000,"English","passive",0.348050941280536,3
"757",7,1,0,"Japanese","active",0.579967844345194,0
"758",7,1,100,"Japanese","active",0.774961918051502,0
"759",7,1,200,"Japanese","active",0.398490843102284,0
"760",7,1,300,"Japanese","active",1.10268660670508,0
"761",7,1,400,"Japanese","active",0.789724971202087,0
"762",7,1,500,"Japanese","active",0.584597397889057,0
"763",7,1,600,"Japanese","active",0.614044335980224,1
"764",7,1,700,"Japanese","active",0.421488833396104,1
"765",7,1,800,"Japanese","active",0.85108600504999,1
"766",7,1,900,"Japanese","active",0.397432512728781,1
"767",7,1,1000,"Japanese","active",0.477974370962478,1
"768",7,1,1100,"Japanese","active",0.581218898679078,2
"769",7,1,1200,"Japanese","active",0.796274950048127,2
"770",7,1,1300,"Japanese","active",0.436122856639779,2
"771",7,1,1400,"Japanese","active",0.721111980223906,2
"772",7,1,1500,"Japanese","active",0.377859732593382,2
"773",7,1,1600,"Japanese","active",0.31815595670561,3
"774",7,1,1700,"Japanese","active",0.202936181770826,3
"775",7,1,1800,"Japanese","active",0.365514396021856,3
"776",7,1,1900,"Japanese","active",0.529837804329239,3
"777",7,1,2000,"Japanese","active",0.829544523863998,3
"778",7,2,0,"Japanese","active",0.860770139412521,0
"779",7,2,100,"Japanese","active",0.562256552911311,0
"780",7,2,200,"Japanese","active",0.70392558171265,0
"781",7,2,300,"Japanese","active",0.316348048405535,0
"782",7,2,400,"Japanese","active",0.564538319505546,0
"783",7,2,500,"Japanese","active",0.286784807794322,0
"784",7,2,600,"Japanese","active",0.553912189638367,1
"785",7,2,700,"Japanese","active",0.322697446999401,1
"786",7,2,800,"Japanese","active",0.677716380789734,1
"787",7,2,900,"Japanese","active",0.388157035309482,1
"788",7,2,1000,"Japanese","active",0.415425423951626,1
"789",7,2,1100,"Japanese","active",0.629308355535174,2
"790",7,2,1200,"Japanese","active",0.524675898581006,2
"791",7,2,1300,"Japanese","active",0.68592140395921,2
"792",7,2,1400,"Japanese","active",0.430362464628848,2
"793",7,2,1500,"Japanese","active",0.634767920154487,2
"794",7,2,1600,"Japanese","active",0.477915132582488,3
"795",7,2,1700,"Japanese","active",0.313560622961685,3
"796",7,2,1800,"Japanese","active",0.109980387224652,3
"797",7,2,1900,"Japanese","active",0.770739131355946,3
"798",7,2,2000,"Japanese","active",-0.0852640006409192,3
"799",7,3,0,"Japanese","active",0.551576316508007,0
"800",7,3,100,"Japanese","active",0.691185642795255,0
"801",7,3,200,"Japanese","active",-0.0312671452609845,0
"802",7,3,300,"Japanese","active",0.630294666575792,0
"803",7,3,400,"Japanese","active",0.488394275010974,0
"804",7,3,500,"Japanese","active",0.212632069757267,0
"805",7,3,600,"Japanese","active",0.657334576925051,1
"806",7,3,700,"Japanese","active",0.318382131002086,1
"807",7,3,800,"Japanese","active",0.403395669422573,1
"808",7,3,900,"Japanese","active",0.332071402528923,1
"809",7,3,1000,"Japanese","active",0.72509654759214,1
"810",7,3,1100,"Japanese","active",0.721710422654082,2
"811",7,3,1200,"Japanese","active",0.597569527974866,2
"812",7,3,1300,"Japanese","active",0.268122127444431,2
"813",7,3,1400,"Japanese","active",0.68645980719515,2
"814",7,3,1500,"Japanese","active",0.623706039160661,2
"815",7,3,1600,"Japanese","active",0.494517134569233,3
"816",7,3,1700,"Japanese","active",0.647005581566454,3
"817",7,3,1800,"Japanese","active",0.689122768500593,3
"818",7,3,1900,"Japanese","active",0.376493431845325,3
"819",7,3,2000,"Japanese","active",0.316671092846633,3
"820",7,4,0,"Japanese","passive",0.499744901503052,0
"821",7,4,100,"Japanese","passive",0.701456424194126,0
"822",7,4,200,"Japanese","passive",0.777327345468757,0
"823",7,4,300,"Japanese","passive",0.422580129460117,0
"824",7,4,400,"Japanese","passive",0.272855437968132,0
"825",7,4,500,"Japanese","passive",0.56575653192167,0
"826",7,4,600,"Japanese","passive",0.494770548105896,1
"827",7,4,700,"Japanese","passive",0.446914373088054,1
"828",7,4,800,"Japanese","passive",0.242224020056257,1
"829",7,4,900,"Japanese","passive",0.534877684924062,1
"830",7,4,1000,"Japanese","passive",0.541554496154117,1
"831",7,4,1100,"Japanese","passive",0.253835087735932,2
"832",7,4,1200,"Japanese","passive",0.505658517692654,2
"833",7,4,1300,"Japanese","passive",0.696332508165239,2
"834",7,4,1400,"Japanese","passive",0.525559655320052,2
"835",7,4,1500,"Japanese","passive",1.16182247826274,2
"836",7,4,1600,"Japanese","passive",0.612096808816449,3
"837",7,4,1700,"Japanese","passive",0.822699422158817,3
"838",7,4,1800,"Japanese","passive",0.536827409177211,3
"839",7,4,1900,"Japanese","passive",0.247893159285777,3
"840",7,4,2000,"Japanese","passive",0.709547248051897,3
"841",7,5,0,"Japanese","passive",0.207940215648803,0
"842",7,5,100,"Japanese","passive",0.613579533229999,0
"843",7,5,200,"Japanese","passive",0.553143216876118,0
"844",7,5,300,"Japanese","passive",0.361728413142611,0
"845",7,5,400,"Japanese","passive",0.505857506294917,0
"846",7,5,500,"Japanese","passive",0.662044722597848,0
"847",7,5,600,"Japanese","passive",0.0643013161990362,1
"848",7,5,700,"Japanese","passive",0.648790665227966,1
"849",7,5,800,"Japanese","passive",0.280367746754202,1
"850",7,5,900,"Japanese","passive",0.661109392823026,1
"851",7,5,1000,"Japanese","passive",0.342725374333349,1
"852",7,5,1100,"Japanese","passive",0.47544995257904,2
"853",7,5,1200,"Japanese","passive",0.67105442479194,2
"854",7,5,1300,"Japanese","passive",0.153828492252398,2
"855",7,5,1400,"Japanese","passive",1.10222747778153,2
"856",7,5,1500,"Japanese","passive",0.481660121622939,2
"857",7,5,1600,"Japanese","passive",0.515706171299132,3
"858",7,5,1700,"Japanese","passive",0.90961728955052,3
"859",7,5,1800,"Japanese","passive",0.52892584409904,3
"860",7,5,1900,"Japanese","passive",0.5603735099682,3
"861",7,5,2000,"Japanese","passive",0.152295964578288,3
"862",7,6,0,"Japanese","passive",0.881515211142729,0
"863",7,6,100,"Japanese","passive",0.511629059180351,0
"864",7,6,200,"Japanese","passive",0.80999558991348,0
"865",7,6,300,"Japanese","passive",0.577143158865697,0
"866",7,6,400,"Japanese","passive",0.696406901125517,0
"867",7,6,500,"Japanese","passive",0.779369676184035,0
"868",7,6,600,"Japanese","passive",0.498754431913903,1
"869",7,6,700,"Japanese","passive",0.455395447452454,1
"870",7,6,800,"Japanese","passive",0.67405726723677,1
"871",7,6,900,"Japanese","passive",0.630449302123388,1
"872",7,6,1000,"Japanese","passive",0.388043352439135,1
"873",7,6,1100,"Japanese","passive",0.601350151011173,2
"874",7,6,1200,"Japanese","passive",0.315758893832648,2
"875",7,6,1300,"Japanese","passive",0.563937003602617,2
"876",7,6,1400,"Japanese","passive",0.501667778184968,2
"877",7,6,1500,"Japanese","passive",0.800668510690093,2
"878",7,6,1600,"Japanese","passive",0.749711622850599,3
"879",7,6,1700,"Japanese","passive",0.775933528766397,3
"880",7,6,1800,"Japanese","passive",0.129820319290623,3
"881",7,6,1900,"Japanese","passive",0.814092281421399,3
"882",7,6,2000,"Japanese","passive",0.552260412477393,3
"883",8,1,0,"Japanese","active",0.578289197397532,0
"884",8,1,100,"Japanese","active",0.768787059665958,0
"885",8,1,200,"Japanese","active",0.428343706357394,0
"886",8,1,300,"Japanese","active",0.492005643142125,0
"887",8,1,400,"Japanese","active",0.314316650840298,0
"888",8,1,500,"Japanese","active",1.02130504803785,0
"889",8,1,600,"Japanese","active",0.713722602602499,1
"890",8,1,700,"Japanese","active",0.75011149903611,1
"891",8,1,800,"Japanese","active",0.20397052247867,1
"892",8,1,900,"Japanese","active",0.114724361219056,1
"893",8,1,1000,"Japanese","active",0.447066749809796,1
"894",8,1,1100,"Japanese","active",0.542588142490668,2
"895",8,1,1200,"Japanese","active",0.327305656391767,2
"896",8,1,1300,"Japanese","active",0.924430184758009,2
"897",8,1,1400,"Japanese","active",0.481827509348533,2
"898",8,1,1500,"Japanese","active",0.320597785927678,2
"899",8,1,1600,"Japanese","active",0.395871390423036,3
"900",8,1,1700,"Japanese","active",1.04839669026394,3
"901",8,1,1800,"Japanese","active",0.63558695644538,3
"902",8,1,1900,"Japanese","active",0.755916902245451,3
"903",8,1,2000,"Japanese","active",0.703206527177618,3
"904",8,2,0,"Japanese","active",0.825256769352746,0
"905",8,2,100,"Japanese","active",0.641989102737089,0
"906",8,2,200,"Japanese","active",0.469982139434238,0
"907",8,2,300,"Japanese","active",0.376999323435322,0
"908",8,2,400,"Japanese","active",0.550192993848334,0
"909",8,2,500,"Japanese","active",0.541199824700002,0
"910",8,2,600,"Japanese","active",0.673414424056392,1
"911",8,2,700,"Japanese","active",0.533331063334151,1
"912",8,2,800,"Japanese","active",0.31513421034232,1
"913",8,2,900,"Japanese","active",0.400620296188055,1
"914",8,2,1000,"Japanese","active",0.564289659840744,1
"915",8,2,1100,"Japanese","active",0.429956520213954,2
"916",8,2,1200,"Japanese","active",0.751991898027541,2
"917",8,2,1300,"Japanese","active",0.788804906005799,2
"918",8,2,1400,"Japanese","active",0.449301262716649,2
"919",8,2,1500,"Japanese","active",0.419647613229403,2
"920",8,2,1600,"Japanese","active",0.0947365207348716,3
"921",8,2,1700,"Japanese","active",0.642026314748296,3
"922",8,2,1800,"Japanese","active",0.667820061794488,3
"923",8,2,1900,"Japanese","active",0.865064880444263,3
"924",8,2,2000,"Japanese","active",0.0905701564284443,3
"925",8,3,0,"Japanese","active",0.824625270552492,0
"926",8,3,100,"Japanese","active",0.461575042801464,0
"927",8,3,200,"Japanese","active",0.894787211396145,0
"928",8,3,300,"Japanese","active",1.01380879638152,0
"929",8,3,400,"Japanese","active",0.821121662718033,0
"930",8,3,500,"Japanese","active",0.604350829319994,0
"931",8,3,600,"Japanese","active",0.789963401821609,1
"932",8,3,700,"Japanese","active",0.622897563929612,1
"933",8,3,800,"Japanese","active",0.775502179428735,1
"934",8,3,900,"Japanese","active",0.64214260757008,1
"935",8,3,1000,"Japanese","active",0.409020728720795,1
"936",8,3,1100,"Japanese","active",0.534239092690387,2
"937",8,3,1200,"Japanese","active",0.681068856776327,2
"938",8,3,1300,"Japanese","active",0.884995401486759,2
"939",8,3,1400,"Japanese","active",0.74674808367868,2
"940",8,3,1500,"Japanese","active",0.263494500507826,2
"941",8,3,1600,"Japanese","active",0.346829828944758,3
"942",8,3,1700,"Japanese","active",0.821721647586925,3
"943",8,3,1800,"Japanese","active",0.36083746001752,3
"944",8,3,1900,"Japanese","active",0.494255569459817,3
"945",8,3,2000,"Japanese","active",0.831185280665569,3
"946",8,4,0,"Japanese","passive",0.565974417253877,0
"947",8,4,100,"Japanese","passive",0.710334754769709,0
"948",8,4,200,"Japanese","passive",0.433965627745361,0
"949",8,4,300,"Japanese","passive",0.721692322976798,0
"950",8,4,400,"Japanese","passive",0.556371438922569,0
"951",8,4,500,"Japanese","passive",0.636208181165274,0
"952",8,4,600,"Japanese","passive",0.794062681688893,1
"953",8,4,700,"Japanese","passive",0.421606189536831,1
"954",8,4,800,"Japanese","passive",0.626344172127844,1
"955",8,4,900,"Japanese","passive",0.884925324646983,1
"956",8,4,1000,"Japanese","passive",0.872750677674135,1
"957",8,4,1100,"Japanese","passive",0.56092237116692,2
"958",8,4,1200,"Japanese","passive",0.396171418411937,2
"959",8,4,1300,"Japanese","passive",-0.00879319055454397,2
"960",8,4,1400,"Japanese","passive",0.417128281793902,2
"961",8,4,1500,"Japanese","passive",0.773319206078048,2
"962",8,4,1600,"Japanese","passive",0.402142304315826,3
"963",8,4,1700,"Japanese","passive",1.14055112878142,3
"964",8,4,1800,"Japanese","passive",0.135598318314034,3
"965",8,4,1900,"Japanese","passive",0.680963844594241,3
"966",8,4,2000,"Japanese","passive",0.195480934615216,3
"967",8,5,0,"Japanese","passive",0.423560282527908,0
"968",8,5,100,"Japanese","passive",0.506099429155516,0
"969",8,5,200,"Japanese","passive",0.58806652529692,0
"970",8,5,300,"Japanese","passive",0.705947438877759,0
"971",8,5,400,"Japanese","passive",0.64944664027488,0
"972",8,5,500,"Japanese","passive",0.823909366111247,0
"973",8,5,600,"Japanese","passive",0.35548345520973,1
"974",8,5,700,"Japanese","passive",0.543243745116412,1
"975",8,5,800,"Japanese","passive",0.354700938498061,1
"976",8,5,900,"Japanese","passive",0.304352350916291,1
"977",8,5,1000,"Japanese","passive",0.0832926989334066,1
"978",8,5,1100,"Japanese","passive",0.321631687924068,2
"979",8,5,1200,"Japanese","passive",0.373331043049693,2
"980",8,5,1300,"Japanese","passive",0.326204013971284,2
"981",8,5,1400,"Japanese","passive",0.808304305197,2
"982",8,5,1500,"Japanese","passive",0.702511331752255,2
"983",8,5,1600,"Japanese","passive",0.720613937263192,3
"984",8,5,1700,"Japanese","passive",0.884924790856777,3
"985",8,5,1800,"Japanese","passive",0.391623173624079,3
"986",8,5,1900,"Japanese","passive",0.304754142776369,3
"987",8,5,2000,"Japanese","passive",0.604074545594029,3
"988",8,6,0,"Japanese","passive",0.294594850092009,0
"989",8,6,100,"Japanese","passive",0.552768972589778,0
"990",8,6,200,"Japanese","passive",0.688705792435296,0
"991",8,6,300,"Japanese","passive",0.945027438170912,0
"992",8,6,400,"Japanese","passive",0.666486920476115,0
"993",8,6,500,"Japanese","passive",0.497316545112865,0
"994",8,6,600,"Japanese","passive",0.199736348392854,1
"995",8,6,700,"Japanese","passive",0.339150553877744,1
"996",8,6,800,"Japanese","passive",0.699323077619496,1
"997",8,6,900,"Japanese","passive",0.632062068595274,1
"998",8,6,1000,"Japanese","passive",0.570917434701675,1
"999",8,6,1100,"Japanese","passive",0.496965173775916,2
"1000",8,6,1200,"Japanese","passive",0.452021555630671,2
"1001",8,6,1300,"Japanese","passive",0.762503419827837,2
"1002",8,6,1400,"Japanese","passive",0.869815718997052,2
"1003",8,6,1500,"Japanese","passive",0.77907043416771,2
"1004",8,6,1600,"Japanese","passive",1.06404171255674,3
"1005",8,6,1700,"Japanese","passive",0.670115975691125,3
"1006",8,6,1800,"Japanese","passive",0.572086047383354,3
"1007",8,6,1900,"Japanese","passive",0.414901983295811,3
"1008",8,6,2000,"Japanese","passive",0.765333654705475,3
"1009",9,1,0,"Japanese","active",0.197737780470264,0
"1010",9,1,100,"Japanese","active",0.763101725408501,0
"1011",9,1,200,"Japanese","active",0.469315201470266,0
"1012",9,1,300,"Japanese","active",0.687146931866676,0
"1013",9,1,400,"Japanese","active",0.880017916005906,0
"1014",9,1,500,"Japanese","active",0.464159090786311,0
"1015",9,1,600,"Japanese","active",0.37960333352986,1
"1016",9,1,700,"Japanese","active",0.259132819721291,1
"1017",9,1,800,"Japanese","active",0.781202552778766,1
"1018",9,1,900,"Japanese","active",0.44614897661963,1
"1019",9,1,1000,"Japanese","active",0.207462231342372,1
"1020",9,1,1100,"Japanese","active",0.391112537273441,2
"1021",9,1,1200,"Japanese","active",0.288049122338565,2
"1022",9,1,1300,"Japanese","active",0.665536710848966,2
"1023",9,1,1400,"Japanese","active",0.631883328660209,2
"1024",9,1,1500,"Japanese","active",0.459280402152995,2
"1025",9,1,1600,"Japanese","active",0.404961200904781,3
"1026",9,1,1700,"Japanese","active",0.35780600857066,3
"1027",9,1,1800,"Japanese","active",0.318458114988694,3
"1028",9,1,1900,"Japanese","active",0.824198305071914,3
"1029",9,1,2000,"Japanese","active",0.292107501458702,3
"1030",9,2,0,"Japanese","active",0.125073924396364,0
"1031",9,2,100,"Japanese","active",0.936953650556927,0
"1032",9,2,200,"Japanese","active",0.662891433860586,0
"1033",9,2,300,"Japanese","active",0.762342311308587,0
"1034",9,2,400,"Japanese","active",0.223888704670505,0
"1035",9,2,500,"Japanese","active",0.0936530636808993,0
"1036",9,2,600,"Japanese","active",0.213077917556775,1
"1037",9,2,700,"Japanese","active",0.482977240303942,1
"1038",9,2,800,"Japanese","active",0.873882754632149,1
"1039",9,2,900,"Japanese","active",0.600935541066312,1
"1040",9,2,1000,"Japanese","active",0.682855828069351,1
"1041",9,2,1100,"Japanese","active",0.882116971489205,2
"1042",9,2,1200,"Japanese","active",0.685611683673628,2
"1043",9,2,1300,"Japanese","active",0.535972457446307,2
"1044",9,2,1400,"Japanese","active",0.258257710961397,2
"1045",9,2,1500,"Japanese","active",0.77253953759495,2
"1046",9,2,1600,"Japanese","active",0.480441517617857,3
"1047",9,2,1700,"Japanese","active",0.345324293188651,3
"1048",9,2,1800,"Japanese","active",0.443902876895084,3
"1049",9,2,1900,"Japanese","active",0.65941310423401,3
"1050",9,2,2000,"Japanese","active",0.418904456673714,3
"1051",9,3,0,"Japanese","active",0.793010409533196,0
"1052",9,3,100,"Japanese","active",0.501954378512336,0
"1053",9,3,200,"Japanese","active",0.0510376134187526,0
"1054",9,3,300,"Japanese","active",0.31986369839202,0
"1055",9,3,400,"Japanese","active",0.250075862767918,0
"1056",9,3,500,"Japanese","active",0.385455543563684,0
"1057",9,3,600,"Japanese","active",0.34290116978564,1
"1058",9,3,700,"Japanese","active",0.569476977717192,1
"1059",9,3,800,"Japanese","active",0.908897721308999,1
"1060",9,3,900,"Japanese","active",0.10876262135114,1
"1061",9,3,1000,"Japanese","active",0.379518577891491,1
"1062",9,3,1100,"Japanese","active",1.00236077906531,2
"1063",9,3,1200,"Japanese","active",0.550094123552673,2
"1064",9,3,1300,"Japanese","active",0.444685959058775,2
"1065",9,3,1400,"Japanese","active",0.236317791931207,2
"1066",9,3,1500,"Japanese","active",0.445615520881795,2
"1067",9,3,1600,"Japanese","active",0.882683179173556,3
"1068",9,3,1700,"Japanese","active",0.559187017998445,3
"1069",9,3,1800,"Japanese","active",0.793535458007593,3
"1070",9,3,1900,"Japanese","active",0.377142762869032,3
"1071",9,3,2000,"Japanese","active",0.240484447085955,3
"1072",9,4,0,"Japanese","passive",0.754817761779537,0
"1073",9,4,100,"Japanese","passive",0.0983953403145297,0
"1074",9,4,200,"Japanese","passive",0.424915239436405,0
"1075",9,4,300,"Japanese","passive",0.567541613434449,0
"1076",9,4,400,"Japanese","passive",0.838684363036837,0
"1077",9,4,500,"Japanese","passive",0.112293487960622,0
"1078",9,4,600,"Japanese","passive",0.781541542997375,1
"1079",9,4,700,"Japanese","passive",0.528295407491684,1
"1080",9,4,800,"Japanese","passive",0.278242114007258,1
"1081",9,4,900,"Japanese","passive",0.342285303822703,1
"1082",9,4,1000,"Japanese","passive",0.595276862896101,1
"1083",9,4,1100,"Japanese","passive",1.02835305056984,2
"1084",9,4,1200,"Japanese","passive",0.612014131443633,2
"1085",9,4,1300,"Japanese","passive",-0.236679136166717,2
"1086",9,4,1400,"Japanese","passive",0.833713889381306,2
"1087",9,4,1500,"Japanese","passive",0.247801616167957,2
"1088",9,4,1600,"Japanese","passive",0.0583304467155293,3
"1089",9,4,1700,"Japanese","passive",0.317655814611103,3
"1090",9,4,1800,"Japanese","passive",0.364379610532938,3
"1091",9,4,1900,"Japanese","passive",0.610779025996758,3
"1092",9,4,2000,"Japanese","passive",0.410048649272206,3
"1093",9,5,0,"Japanese","passive",0.434672927217507,0
"1094",9,5,100,"Japanese","passive",0.571940475516261,0
"1095",9,5,200,"Japanese","passive",0.193041913046572,0
"1096",9,5,300,"Japanese","passive",-0.161749255824303,0
"1097",9,5,400,"Japanese","passive",0.121976919325246,0
"1098",9,5,500,"Japanese","passive",0.65967916041446,0
"1099",9,5,600,"Japanese","passive",0.704185474504614,1
"1100",9,5,700,"Japanese","passive",0.336033348080857,1
"1101",9,5,800,"Japanese","passive",0.0838157659053863,1
"1102",9,5,900,"Japanese","passive",0.437291451502578,1
"1103",9,5,1000,"Japanese","passive",0.57326427786202,1
"1104",9,5,1100,"Japanese","passive",0.250377930233509,2
"1105",9,5,1200,"Japanese","passive",0.829771139525062,2
"1106",9,5,1300,"Japanese","passive",0.526918906028648,2
"1107",9,5,1400,"Japanese","passive",0.986386341258284,2
"1108",9,5,1500,"Japanese","passive",0.849397574309378,2
"1109",9,5,1600,"Japanese","passive",1.4296287255012,3
"1110",9,5,1700,"Japanese","passive",0.791597367078557,3
"1111",9,5,1800,"Japanese","passive",0.0355728029195348,3
"1112",9,5,1900,"Japanese","passive",0.681845391720852,3
"1113",9,5,2000,"Japanese","passive",0.58687426957713,3
"1114",9,6,0,"Japanese","passive",0.71061636599884,0
"1115",9,6,100,"Japanese","passive",0.491861651869046,0
"1116",9,6,200,"Japanese","passive",0.220868269354182,0
"1117",9,6,300,"Japanese","passive",0.249434658668929,0
"1118",9,6,400,"Japanese","passive",0.230019158127112,0
"1119",9,6,500,"Japanese","passive",0.478230644933725,0
"1120",9,6,600,"Japanese","passive",0.16873359693452,1
"1121",9,6,700,"Japanese","passive",0.429760367897828,1
"1122",9,6,800,"Japanese","passive",0.235725230954994,1
"1123",9,6,900,"Japanese","passive",0.974810836568563,1
"1124",9,6,1000,"Japanese","passive",0.880258017046637,1
"1125",9,6,1100,"Japanese","passive",0.569085584516255,2
"1126",9,6,1200,"Japanese","passive",0.199287747266056,2
"1127",9,6,1300,"Japanese","passive",0.298501969077623,2
"1128",9,6,1400,"Japanese","passive",0.663459228015736,2
"1129",9,6,1500,"Japanese","passive",0.793047808871428,2
"1130",9,6,1600,"Japanese","passive",1.5282533939294,3
"1131",9,6,1700,"Japanese","passive",0.593992231142381,3
"1132",9,6,1800,"Japanese","passive",0.38528209038886,3
"1133",9,6,1900,"Japanese","passive",0.113464533473025,3
"1134",9,6,2000,"Japanese","passive",0.741758707064571,3
"1135",10,1,0,"Japanese","active",-0.0993838594384445,0
"1136",10,1,100,"Japanese","active",0.840645098709438,0
"1137",10,1,200,"Japanese","active",0.554896464487708,0
"1138",10,1,300,"Japanese","active",0.336803340897725,0
"1139",10,1,400,"Japanese","active",0.571220942799698,0
"1140",10,1,500,"Japanese","active",0.548948940224747,0
"1141",10,1,600,"Japanese","active",0.257632680136286,1
"1142",10,1,700,"Japanese","active",0.211456912173753,1
"1143",10,1,800,"Japanese","active",0.490210913188257,1
"1144",10,1,900,"Japanese","active",0.414815878683834,1
"1145",10,1,1000,"Japanese","active",0.766934503284819,1
"1146",10,1,1100,"Japanese","active",0.465408037293132,2
"1147",10,1,1200,"Japanese","active",0.714576924928454,2
"1148",10,1,1300,"Japanese","active",0.78016878988533,2
"1149",10,1,1400,"Japanese","active",0.280727426895056,2
"1150",10,1,1500,"Japanese","active",0.319559304160739,2
"1151",10,1,1600,"Japanese","active",0.625726933629045,3
"1152",10,1,1700,"Japanese","active",0.156458840637546,3
"1153",10,1,1800,"Japanese","active",0.509200008721136,3
"1154",10,1,1900,"Japanese","active",0.64655022828404,3
"1155",10,1,2000,"Japanese","active",0.670985877649816,3
"1156",10,2,0,"Japanese","active",0.357810967727506,0
"1157",10,2,100,"Japanese","active",0.567588910604978,0
"1158",10,2,200,"Japanese","active",0.364515750697386,0
"1159",10,2,300,"Japanese","active",0.60065242100762,0
"1160",10,2,400,"Japanese","active",0.453352519342208,0
"1161",10,2,500,"Japanese","active",0.660687690652207,0
"1162",10,2,600,"Japanese","active",0.667868739130164,1
"1163",10,2,700,"Japanese","active",0.39974007744499,1
"1164",10,2,800,"Japanese","active",1.04125645367005,1
"1165",10,2,900,"Japanese","active",0.151176618530036,1
"1166",10,2,1000,"Japanese","active",0.457324969955082,1
"1167",10,2,1100,"Japanese","active",0.45764139250612,2
"1168",10,2,1200,"Japanese","active",0.49175415368499,2
"1169",10,2,1300,"Japanese","active",1.09712994250145,2
"1170",10,2,1400,"Japanese","active",0.252497016896673,2
"1171",10,2,1500,"Japanese","active",0.474736457040353,2
"1172",10,2,1600,"Japanese","active",0.0214627305620853,3
"1173",10,2,1700,"Japanese","active",0.362781407043125,3
"1174",10,2,1800,"Japanese","active",0.67847372842527,3
"1175",10,2,1900,"Japanese","active",0.968622183679608,3
"1176",10,2,2000,"Japanese","active",0.698664375927049,3
"1177",10,3,0,"Japanese","active",0.476321580358515,0
"1178",10,3,100,"Japanese","active",0.163235980030603,0
"1179",10,3,200,"Japanese","active",0.556606128874183,0
"1180",10,3,300,"Japanese","active",0.506027324511258,0
"1181",10,3,400,"Japanese","active",0.0488246957690012,0
"1182",10,3,500,"Japanese","active",0.685149122631156,0
"1183",10,3,600,"Japanese","active",0.408555651586552,1
"1184",10,3,700,"Japanese","active",0.73451093753512,1
"1185",10,3,800,"Japanese","active",0.433839672937351,1
"1186",10,3,900,"Japanese","active",0.45840937559382,1
"1187",10,3,1000,"Japanese","active",0.499029372406593,1
"1188",10,3,1100,"Japanese","active",0.608792522505153,2
"1189",10,3,1200,"Japanese","active",0.34499489723753,2
"1190",10,3,1300,"Japanese","active",0.438559385352163,2
"1191",10,3,1400,"Japanese","active",0.472098113637423,2
"1192",10,3,1500,"Japanese","active",0.630219365590114,2
"1193",10,3,1600,"Japanese","active",0.435456085175493,3
"1194",10,3,1700,"Japanese","active",0.482219607383781,3
"1195",10,3,1800,"Japanese","active",0.787366849277534,3
"1196",10,3,1900,"Japanese","active",-0.107518221549725,3
"1197",10,3,2000,"Japanese","active",0.0723879972038042,3
"1198",10,4,0,"Japanese","passive",0.564630599754171,0
"1199",10,4,100,"Japanese","passive",0.624505322963032,0
"1200",10,4,200,"Japanese","passive",0.487650976995573,0
"1201",10,4,300,"Japanese","passive",0.873669024008948,0
"1202",10,4,400,"Japanese","passive",-0.145442877135056,0
"1203",10,4,500,"Japanese","passive",0.515258374235663,0
"1204",10,4,600,"Japanese","passive",0.581937312661422,1
"1205",10,4,700,"Japanese","passive",0.532164684901071,1
"1206",10,4,800,"Japanese","passive",0.375780042119794,1
"1207",10,4,900,"Japanese","passive",0.608043600325029,1
"1208",10,4,1000,"Japanese","passive",0.853161097746232,1
"1209",10,4,1100,"Japanese","passive",-0.0183550568336082,2
"1210",10,4,1200,"Japanese","passive",0.672350806448638,2
"1211",10,4,1300,"Japanese","passive",0.66329379870622,2
"1212",10,4,1400,"Japanese","passive",0.665568857934886,2
"1213",10,4,1500,"Japanese","passive",1.13528961969011,2
"1214",10,4,1600,"Japanese","passive",0.861636971313965,3
"1215",10,4,1700,"Japanese","passive",1.1551519255038,3
"1216",10,4,1800,"Japanese","passive",0.783817859741676,3
"1217",10,4,1900,"Japanese","passive",0.195889897577313,3
"1218",10,4,2000,"Japanese","passive",0.725246753169121,3
"1219",10,5,0,"Japanese","passive",0.347009973890139,0
"1220",10,5,100,"Japanese","passive",0.78285344273232,0
"1221",10,5,200,"Japanese","passive",0.210955409862141,0
"1222",10,5,300,"Japanese","passive",0.224567871671617,0
"1223",10,5,400,"Japanese","passive",0.644461848368106,0
"1224",10,5,500,"Japanese","passive",0.54521841478181,0
"1225",10,5,600,"Japanese","passive",0.00301927841406702,1
"1226",10,5,700,"Japanese","passive",0.840148796625948,1
"1227",10,5,800,"Japanese","passive",0.206449915112789,1
"1228",10,5,900,"Japanese","passive",0.265522634129817,1
"1229",10,5,1000,"Japanese","passive",0.81707851161603,1
"1230",10,5,1100,"Japanese","passive",0.841001305281327,2
"1231",10,5,1200,"Japanese","passive",0.0394456315746645,2
"1232",10,5,1300,"Japanese","passive",0.358795628018729,2
"1233",10,5,1400,"Japanese","passive",0.342517346082306,2
"1234",10,5,1500,"Japanese","passive",1.19429642177981,2
"1235",10,5,1600,"Japanese","passive",0.319698918421397,3
"1236",10,5,1700,"Japanese","passive",0.933830063005637,3
"1237",10,5,1800,"Japanese","passive",-0.192176423621532,3
"1238",10,5,1900,"Japanese","passive",0.0547366438665396,3
"1239",10,5,2000,"Japanese","passive",0.564084784642441,3
"1240",10,6,0,"Japanese","passive",0.501364158704327,0
"1241",10,6,100,"Japanese","passive",0.685442488246156,0
"1242",10,6,200,"Japanese","passive",-0.171400599829801,0
"1243",10,6,300,"Japanese","passive",0.775405332612833,0
"1244",10,6,400,"Japanese","passive",0.804505111799792,0
"1245",10,6,500,"Japanese","passive",0.875255144804416,0
"1246",10,6,600,"Japanese","passive",0.203524204205694,1
"1247",10,6,700,"Japanese","passive",0.144534473643738,1
"1248",10,6,800,"Japanese","passive",0.378181203453402,1
"1249",10,6,900,"Japanese","passive",0.647495141141502,1
"1250",10,6,1000,"Japanese","passive",0.386439884288475,1
"1251",10,6,1100,"Japanese","passive",0.447356968990317,2
"1252",10,6,1200,"Japanese","passive",0.734266021858636,2
"1253",10,6,1300,"Japanese","passive",0.353243775090212,2
"1254",10,6,1400,"Japanese","passive",0.958106624830132,2
"1255",10,6,1500,"Japanese","passive",0.752604293250641,2
"1256",10,6,1600,"Japanese","passive",0.967095476875526,3
"1257",10,6,1700,"Japanese","passive",0.760365213514961,3
"1258",10,6,1800,"Japanese","passive",0.518711281903101,3
"1259",10,6,1900,"Japanese","passive",0.272448119949385,3
"1260",10,6,2000,"Japanese","passive",0.260686705279014,3
"1261",11,1,0,"Japanese","active",0.180398773309134,0
"1262",11,1,100,"Japanese","active",0.501753507818175,0
"1263",11,1,200,"Japanese","active",0.454795953084397,0
"1264",11,1,300,"Japanese","active",0.215131520127666,0
"1265",11,1,400,"Japanese","active",0.685954311074483,0
"1266",11,1,500,"Japanese","active",0.656110418417714,0
"1267",11,1,600,"Japanese","active",0.145441735981119,1
"1268",11,1,700,"Japanese","active",0.733285298339517,1
"1269",11,1,800,"Japanese","active",0.78766184546253,1
"1270",11,1,900,"Japanese","active",0.617507303328795,1
"1271",11,1,1000,"Japanese","active",0.71990780986061,1
"1272",11,1,1100,"Japanese","active",0.269188255294161,2
"1273",11,1,1200,"Japanese","active",0.562844836132346,2
"1274",11,1,1300,"Japanese","active",0.186564807216798,2
"1275",11,1,1400,"Japanese","active",0.461151842068722,2
"1276",11,1,1500,"Japanese","active",0.629330235039581,2
"1277",11,1,1600,"Japanese","active",0.605766072082713,3
"1278",11,1,1700,"Japanese","active",0.789714628602344,3
"1279",11,1,1800,"Japanese","active",0.976986010762078,3
"1280",11,1,1900,"Japanese","active",0.530579137744366,3
"1281",11,1,2000,"Japanese","active",0.738027903377352,3
"1282",11,2,0,"Japanese","active",0.845310376002039,0
"1283",11,2,100,"Japanese","active",0.327868769571592,0
"1284",11,2,200,"Japanese","active",0.498818608750124,0
"1285",11,2,300,"Japanese","active",0.676726663389523,0
"1286",11,2,400,"Japanese","active",0.659536181035427,0
"1287",11,2,500,"Japanese","active",0.0531316691365952,0
"1288",11,2,600,"Japanese","active",0.448640359425885,1
"1289",11,2,700,"Japanese","active",0.539320075087267,1
"1290",11,2,800,"Japanese","active",0.69452348862,1
"1291",11,2,900,"Japanese","active",0.611448201992767,1
"1292",11,2,1000,"Japanese","active",0.483112452202503,1
"1293",11,2,1100,"Japanese","active",0.12987569829605,2
"1294",11,2,1200,"Japanese","active",0.44811777161715,2
"1295",11,2,1300,"Japanese","active",0.420066844796889,2
"1296",11,2,1400,"Japanese","active",0.822271699073658,2
"1297",11,2,1500,"Japanese","active",0.518195764563795,2
"1298",11,2,1600,"Japanese","active",0.498668667399772,3
"1299",11,2,1700,"Japanese","active",0.704697858822805,3
"1300",11,2,1800,"Japanese","active",0.738116274647755,3
"1301",11,2,1900,"Japanese","active",0.0152259000743936,3
"1302",11,2,2000,"Japanese","active",0.719711766961897,3
"1303",11,3,0,"Japanese","active",0.399387632967297,0
"1304",11,3,100,"Japanese","active",0.279403258816317,0
"1305",11,3,200,"Japanese","active",0.653101918253973,0
"1306",11,3,300,"Japanese","active",0.782717926863401,0
"1307",11,3,400,"Japanese","active",0.0908356286049665,0
"1308",11,3,500,"Japanese","active",0.770899064087036,0
"1309",11,3,600,"Japanese","active",0.478618129503957,1
"1310",11,3,700,"Japanese","active",0.640781330702515,1
"1311",11,3,800,"Japanese","active",0.593121473352065,1
"1312",11,3,900,"Japanese","active",0.798247906281657,1
"1313",11,3,1000,"Japanese","active",0.683708812640224,1
"1314",11,3,1100,"Japanese","active",0.248119211689463,2
"1315",11,3,1200,"Japanese","active",0.721848159594597,2
"1316",11,3,1300,"Japanese","active",0.60468672396239,2
"1317",11,3,1400,"Japanese","active",0.574516243275796,2
"1318",11,3,1500,"Japanese","active",0.527042099651655,2
"1319",11,3,1600,"Japanese","active",0.510016360631289,3
"1320",11,3,1700,"Japanese","active",0.867881834509704,3
"1321",11,3,1800,"Japanese","active",0.0610463880414476,3
"1322",11,3,1900,"Japanese","active",0.476846529806027,3
"1323",11,3,2000,"Japanese","active",0.809452317609372,3
"1324",11,4,0,"Japanese","passive",0.605098768059277,0
"1325",11,4,100,"Japanese","passive",0.541295435602185,0
"1326",11,4,200,"Japanese","passive",0.293040297605783,0
"1327",11,4,300,"Japanese","passive",0.551449829865982,0
"1328",11,4,400,"Japanese","passive",0.250261533125007,0
"1329",11,4,500,"Japanese","passive",0.507127075428231,0
"1330",11,4,600,"Japanese","passive",0.68047233861403,1
"1331",11,4,700,"Japanese","passive",0.550877205124401,1
"1332",11,4,800,"Japanese","passive",0.437653225014414,1
"1333",11,4,900,"Japanese","passive",1.01785091771338,1
"1334",11,4,1000,"Japanese","passive",0.254307752248456,1
"1335",11,4,1100,"Japanese","passive",0.560665608455486,2
"1336",11,4,1200,"Japanese","passive",0.500842824410017,2
"1337",11,4,1300,"Japanese","passive",0.112216005740507,2
"1338",11,4,1400,"Japanese","passive",1.13396174504042,2
"1339",11,4,1500,"Japanese","passive",0.683607812172836,2
"1340",11,4,1600,"Japanese","passive",0.732518855112043,3
"1341",11,4,1700,"Japanese","passive",0.546074561392715,3
"1342",11,4,1800,"Japanese","passive",0.430506022875938,3
"1343",11,4,1900,"Japanese","passive",0.165116176295891,3
"1344",11,4,2000,"Japanese","passive",0.291349306771801,3
"1345",11,5,0,"Japanese","passive",0.582816711088622,0
"1346",11,5,100,"Japanese","passive",0.284671763707405,0
"1347",11,5,200,"Japanese","passive",0.610398948593785,0
"1348",11,5,300,"Japanese","passive",0.682692597809848,0
"1349",11,5,400,"Japanese","passive",0.844580826123234,0
"1350",11,5,500,"Japanese","passive",0.620309519780547,0
"1351",11,5,600,"Japanese","passive",0.357902495223509,1
"1352",11,5,700,"Japanese","passive",0.40213811535198,1
"1353",11,5,800,"Japanese","passive",0.660721553406127,1
"1354",11,5,900,"Japanese","passive",0.569051532572205,1
"1355",11,5,1000,"Japanese","passive",0.435466737214612,1
"1356",11,5,1100,"Japanese","passive",0.866457458272823,2
"1357",11,5,1200,"Japanese","passive",0.00668102598977793,2
"1358",11,5,1300,"Japanese","passive",0.730027469126936,2
"1359",11,5,1400,"Japanese","passive",0.589131368081997,2
"1360",11,5,1500,"Japanese","passive",1.11181031022556,2
"1361",11,5,1600,"Japanese","passive",0.887103562505191,3
"1362",11,5,1700,"Japanese","passive",1.00298651635464,3
"1363",11,5,1800,"Japanese","passive",0.401892155820603,3
"1364",11,5,1900,"Japanese","passive",0.546991144244505,3
"1365",11,5,2000,"Japanese","passive",0.497181648058758,3
"1366",11,6,0,"Japanese","passive",0.188518524371198,0
"1367",11,6,100,"Japanese","passive",0.735992065197615,0
"1368",11,6,200,"Japanese","passive",0.614853832019494,0
"1369",11,6,300,"Japanese","passive",0.0866927573852186,0
"1370",11,6,400,"Japanese","passive",0.306647432360841,0
"1371",11,6,500,"Japanese","passive",0.327562124699708,0
"1372",11,6,600,"Japanese","passive",0.91795821581065,1
"1373",11,6,700,"Japanese","passive",0.475987532609211,1
"1374",11,6,800,"Japanese","passive",0.300998896786978,1
"1375",11,6,900,"Japanese","passive",0.443814057919223,1
"1376",11,6,1000,"Japanese","passive",0.184956827613114,1
"1377",11,6,1100,"Japanese","passive",0.143399421191767,2
"1378",11,6,1200,"Japanese","passive",-0.163409284225571,2
"1379",11,6,1300,"Japanese","passive",0.240335159238073,2
"1380",11,6,1400,"Japanese","passive",0.884150906002747,2
"1381",11,6,1500,"Japanese","passive",1.35892862178409,2
"1382",11,6,1600,"Japanese","passive",0.718353361921784,3
"1383",11,6,1700,"Japanese","passive",0.853090517892191,3
"1384",11,6,1800,"Japanese","passive",0.359414716609371,3
"1385",11,6,1900,"Japanese","passive",0.259987421917603,3
"1386",11,6,2000,"Japanese","passive",0.585634147556962,3
"1387",12,1,0,"Japanese","active",0.238377993194287,0
"1388",12,1,100,"Japanese","active",0.638333770311019,0
"1389",12,1,200,"Japanese","active",0.429870325748048,0
"1390",12,1,300,"Japanese","active",0.436499692484045,0
"1391",12,1,400,"Japanese","active",0.747812336224837,0
"1392",12,1,500,"Japanese","active",0.33491160652929,0
"1393",12,1,600,"Japanese","active",0.673322889676379,1
"1394",12,1,700,"Japanese","active",0.881821013546575,1
"1395",12,1,800,"Japanese","active",0.559239147426041,1
"1396",12,1,900,"Japanese","active",0.793469210708123,1
"1397",12,1,1000,"Japanese","active",-0.121537162580803,1
"1398",12,1,1100,"Japanese","active",0.87435617405276,2
"1399",12,1,1200,"Japanese","active",0.743455216754467,2
"1400",12,1,1300,"Japanese","active",0.378971128288443,2
"1401",12,1,1400,"Japanese","active",0.569212666807426,2
"1402",12,1,1500,"Japanese","active",0.44619428821061,2
"1403",12,1,1600,"Japanese","active",0.927067664062055,3
"1404",12,1,1700,"Japanese","active",0.884607807288179,3
"1405",12,1,1800,"Japanese","active",0.440946574415091,3
"1406",12,1,1900,"Japanese","active",-0.0191079569072299,3
"1407",12,1,2000,"Japanese","active",0.348576758264662,3
"1408",12,2,0,"Japanese","active",0.738089906474823,0
"1409",12,2,100,"Japanese","active",0.203076783488958,0
"1410",12,2,200,"Japanese","active",1.45314508396902,0
"1411",12,2,300,"Japanese","active",0.66162234708726,0
"1412",12,2,400,"Japanese","active",0.537217208755325,0
"1413",12,2,500,"Japanese","active",0.231854827577327,0
"1414",12,2,600,"Japanese","active",0.544410989305798,1
"1415",12,2,700,"Japanese","active",0.428830117930609,1
"1416",12,2,800,"Japanese","active",0.322617703331427,1
"1417",12,2,900,"Japanese","active",0.318172570481272,1
"1418",12,2,1000,"Japanese","active",1.04599782278443,1
"1419",12,2,1100,"Japanese","active",0.394914421093622,2
"1420",12,2,1200,"Japanese","active",0.465659308911625,2
"1421",12,2,1300,"Japanese","active",0.369341088452278,2
"1422",12,2,1400,"Japanese","active",0.867115569176786,2
"1423",12,2,1500,"Japanese","active",0.897462523401556,2
"1424",12,2,1600,"Japanese","active",-0.0145139564773871,3
"1425",12,2,1700,"Japanese","active",0.75309023462203,3
"1426",12,2,1800,"Japanese","active",0.164160901703865,3
"1427",12,2,1900,"Japanese","active",0.059713206972333,3
"1428",12,2,2000,"Japanese","active",0.840815732202351,3
"1429",12,3,0,"Japanese","active",0.458230187438255,0
"1430",12,3,100,"Japanese","active",0.322954789739179,0
"1431",12,3,200,"Japanese","active",0.570985749657493,0
"1432",12,3,300,"Japanese","active",0.447864109935139,0
"1433",12,3,400,"Japanese","active",0.511629850923626,0
"1434",12,3,500,"Japanese","active",0.19363168930779,0
"1435",12,3,600,"Japanese","active",0.6230288341382,1
"1436",12,3,700,"Japanese","active",1.05744863225346,1
"1437",12,3,800,"Japanese","active",1.2145104057938,1
"1438",12,3,900,"Japanese","active",0.749609599685044,1
"1439",12,3,1000,"Japanese","active",0.483440983889553,1
"1440",12,3,1100,"Japanese","active",0.112775382882032,2
"1441",12,3,1200,"Japanese","active",0.580666548214517,2
"1442",12,3,1300,"Japanese","active",0.563033713038515,2
"1443",12,3,1400,"Japanese","active",0.672818079553652,2
"1444",12,3,1500,"Japanese","active",0.795845786802389,2
"1445",12,3,1600,"Japanese","active",0.116974030715176,3
"1446",12,3,1700,"Japanese","active",0.830890287335564,3
"1447",12,3,1800,"Japanese","active",0.704805196143958,3
"1448",12,3,1900,"Japanese","active",0.950063116816096,3
"1449",12,3,2000,"Japanese","active",0.0952852693669071,3
"1450",12,4,0,"Japanese","passive",0.496056260665993,0
"1451",12,4,100,"Japanese","passive",0.698148880686953,0
"1452",12,4,200,"Japanese","passive",0.218256469821947,0
"1453",12,4,300,"Japanese","passive",0.641503534091508,0
"1454",12,4,400,"Japanese","passive",0.43257781725817,0
"1455",12,4,500,"Japanese","passive",0.508271151254702,0
"1456",12,4,600,"Japanese","passive",0.638083473164275,1
"1457",12,4,700,"Japanese","passive",0.214752137062789,1
"1458",12,4,800,"Japanese","passive",0.796872230232261,1
"1459",12,4,900,"Japanese","passive",0.573856493249746,1
"1460",12,4,1000,"Japanese","passive",0.302116962132041,1
"1461",12,4,1100,"Japanese","passive",0.165300516228646,2
"1462",12,4,1200,"Japanese","passive",0.964752215595598,2
"1463",12,4,1300,"Japanese","passive",0.823285976695406,2
"1464",12,4,1400,"Japanese","passive",0.764439082576241,2
"1465",12,4,1500,"Japanese","passive",0.938902954892273,2
"1466",12,4,1600,"Japanese","passive",1.22806473908392,3
"1467",12,4,1700,"Japanese","passive",1.12986794555716,3
"1468",12,4,1800,"Japanese","passive",0.737092272000006,3
"1469",12,4,1900,"Japanese","passive",0.316590480909741,3
"1470",12,4,2000,"Japanese","passive",0.530052305125689,3
"1471",12,5,0,"Japanese","passive",0.495782198882696,0
"1472",12,5,100,"Japanese","passive",0.854131272959242,0
"1473",12,5,200,"Japanese","passive",0.362390841859936,0
"1474",12,5,300,"Japanese","passive",-0.0163213062201762,0
"1475",12,5,400,"Japanese","passive",-0.0992884331422513,0
"1476",12,5,500,"Japanese","passive",0.297811157518588,0
"1477",12,5,600,"Japanese","passive",0.75280893548368,1
"1478",12,5,700,"Japanese","passive",0.150691661753336,1
"1479",12,5,800,"Japanese","passive",0.937910573988672,1
"1480",12,5,900,"Japanese","passive",0.542562807238817,1
"1481",12,5,1000,"Japanese","passive",0.308489288535417,1
"1482",12,5,1100,"Japanese","passive",0.783513224998858,2
"1483",12,5,1200,"Japanese","passive",0.624878122083666,2
"1484",12,5,1300,"Japanese","passive",0.429895418666098,2
"1485",12,5,1400,"Japanese","passive",0.82911882908422,2
"1486",12,5,1500,"Japanese","passive",1.06422915464965,2
"1487",12,5,1600,"Japanese","passive",0.868474141576003,3
"1488",12,5,1700,"Japanese","passive",0.827825918376945,3
"1489",12,5,1800,"Japanese","passive",0.96220450839168,3
"1490",12,5,1900,"Japanese","passive",0.322056621704996,3
"1491",12,5,2000,"Japanese","passive",0.6948618563894,3
"1492",12,6,0,"Japanese","passive",0.284832216957686,0
"1493",12,6,100,"Japanese","passive",-0.00965701612424541,0
"1494",12,6,200,"Japanese","passive",0.0744509119173703,0
"1495",12,6,300,"Japanese","passive",0.872080832597285,0
"1496",12,6,400,"Japanese","passive",0.460950830753434,0
"1497",12,6,500,"Japanese","passive",0.598680630171212,0
"1498",12,6,600,"Japanese","passive",1.0049849038376,1
"1499",12,6,700,"Japanese","passive",0.336463460431862,1
"1500",12,6,800,"Japanese","passive",0.615995987367864,1
"1501",12,6,900,"Japanese","passive",0.57228109631428,1
"1502",12,6,1000,"Japanese","passive",0.511667923881182,1
"1503",12,6,1100,"Japanese","passive",0.423717054382972,2
"1504",12,6,1200,"Japanese","passive",0.302901157209008,2
"1505",12,6,1300,"Japanese","passive",0.51254619811308,2
"1506",12,6,1400,"Japanese","passive",0.583540257485286,2
"1507",12,6,1500,"Japanese","passive",0.573830730909726,2
"1508",12,6,1600,"Japanese","passive",0.475878683055731,3
"1509",12,6,1700,"Japanese","passive",0.669332795023467,3
"1510",12,6,1800,"Japanese","passive",0.649970460135569,3
"1511",12,6,1900,"Japanese","passive",0.300126592037033,3
"1512",12,6,2000,"Japanese","passive",0.0558660378731408,3
